island,sheet,corolla_id,n_spots,n_strong_spots,n_weak_recovered_spots,n_large_spot_clusters,guide_area_mm2,guide_cov_pct,guide_cov_strong_pct,guide_cov_weak_recovered_pct,spot_density_cm2,mean_spot_area_mm2,median_spot_area_mm2,max_spot_area_mm2,brown_overlap_pct_of_spots,guide_present,n_oxidized_recovered_spots,guide_area_incl_oxidized_mm2,guide_cov_incl_oxidized_pct,spot_qc_source,scale_source,scale_qc,mm_per_px,px_per_cm,ruler_spacing_cv,ruler_tick_count,ruler_regular_interval_count,ruler_baseline_y,ruler_tick_x
Shikinejima,shikine1~4,1,20,20,0,0,0.764,0.2,0.2,0.0,5.229,0.0382,0.0288,0.2234,0.0,0,0,0.764,0.2,raw_scan_two_stage_reviewed_ruler_scale,ruler_1cm_ticks,ok,0.0848826,117.8098,0.0044,13,12,809,203.78|321.67|439.35|557.15|675.49|793.01|911.50|1028.07|1146.11|1263.75|1380.68|1498.50|1616.48
Shikinejima,shikine1~4,2,10,10,0,0,0.36,0.079,0.079,0.0,2.204,0.036,0.0324,0.0793,0.0,0,0,0.36,0.079,raw_scan_two_stage_reviewed_ruler_scale,ruler_1cm_ticks,ok,0.0848826,117.8098,0.0044,13,12,809,203.78|321.67|439.35|557.15|675.49|793.01|911.50|1028.07|1146.11|1263.75|1380.68|1498.50|1616.48
Shikinejima,shikine1~4,3,19,15,4,0,1.506,0.381,0.348,0.033,4.811,0.0793,0.0504,0.2954,0.0,0,0,1.506,0.381,raw_scan_two_stage_reviewed_ruler_scale,ruler_1cm_ticks,ok,0.0848826,117.8098,0.0044,13,12,809,203.78|321.67|439.35|557.15|675.49|793.01|911.50|1028.07|1146.11|1263.75|1380.68|1498.50|1616.48
Shikinejima,shikine1~4,4,7,7,0,0,0.303,0.042,0.042,0.0,0.963,0.0432,0.036,0.0937,0.0,0,0,0.303,0.042,raw_scan_two_stage_reviewed_ruler_scale,ruler_1cm_ticks,ok,0.0848826,117.8098,0.0044,13,12,809,203.78|321.67|439.35|557.15|675.49|793.01|911.50|1028.07|1146.11|1263.75|1380.68|1498.50|1616.48
Shikinejima,shikine1~4,5,23,23,0,0,1.138,0.145,0.133,0.012,2.92,0.0495,0.0288,0.281,0.0,0,0,1.138,0.145,raw_scan_two_stage_reviewed_ruler_scale,ruler_1cm_ticks,ok,0.0848826,117.8098,0.0044,13,12,809,203.78|321.67|439.35|557.15|675.49|793.01|911.50|1028.07|1146.11|1263.75|1380.68|1498.50|1616.48
Shikinejima,shikine1~4,6,429,409,20,9,190.999,11.621,10.596,1.025,26.102,0.4452,0.1801,22.7968,0.0,1,1468,386.955,23.544,raw_scan_two_stage_reviewed_ruler_scale,ruler_1cm_ticks,ok,0.0848826,117.8098,0.0044,13,12,809,203.78|321.67|439.35|557.15|675.49|793.01|911.50|1028.07|1146.11|1263.75|1380.68|1498.50|1616.48
